{"cameraMode":{"drawMode":0,"name":"Shaded","section":"Shading Mode"},"sceneLighting":true,"audioPlay":false,"sceneViewState":{"m_AlwaysRefresh":false,"showFog":true,"showSkybox":true,"showFlares":true,"showImageEffects":true,"showParticleSystems":true,"showVisualEffectGraphs":true,"m_FxEnabled":true},"in2DMode":false,"pivot":{"x":-0.29212871193885805,"y":24.220802307128908,"z":-9.848099708557129},"rotation":{"x":0.5168516039848328,"y":-0.019265081733465196,"z":0.011629988439381123,"w":0.8558053374290466},"size":0.4276975989341736,"orthographic":false}