{"cameraMode":{"drawMode":0,"name":"Shaded","section":"Shading Mode"},"sceneLighting":true,"audioPlay":false,"sceneViewState":{"m_AlwaysRefresh":false,"showFog":true,"showSkybox":true,"showFlares":true,"showImageEffects":true,"showParticleSystems":true,"showVisualEffectGraphs":true,"m_FxEnabled":true},"in2DMode":false,"pivot":{"x":-9.017951965332032,"y":9.232979774475098,"z":-6.3818840980529789},"rotation":{"x":-0.48320472240448,"y":-0.000790597521699965,"z":0.00043576856842264533,"w":-0.8755113482475281},"size":1.7443379163742066,"orthographic":false}